contact_ids,first_name,last_name,email
-1,Cecilia,Velasco,cecilia.velasco@rodrigues.fr
-1,Mariana,Ellis,mariana.ellis@rossi.org
-1,Sofie,Woods,sofie.woods@riviere.com
-1,Jeanette,Iannotti,jeanette.iannotti@yahoo.com
-1,Samuel,Sorgatz,samuel.sorgatz@gmail.com
-1,Socorro,Luna,socorro.luna@hotmail.com
-1,Carolina,Murray,carolina.murray@knight.com
-1,Kayla,Moon,kayla.moon@yahoo.de
-1,Ariadna,Geisel,ariadna.geisel@rangel.com
-1,Danielle,Ladeck,danielle.ladeck@scalfaro.net
-1,Tatiana,Thompson,tatiana.thompson@hunt.net
-1,Caleb,Benavides,caleb.benavides@rubio.com
-1,Sandra,Hardy,sandra.hardy@web.de
-1,Lotti,Morris,lotti.morris@yahoo.co.uk
-1,Reinhilde,White,reinhilde.white@voila.fr
-1,Kerry,Patel,kerry.patel@hutchinson.com
-1,Sophie,Antoine,sophie.antoine@andersen.com
-1,Martha,Girard,martha.girard@web.de
-1,Stephanie,King,stephanie.king@cervantes.com
-1,Amanda,Palmer,amanda.palmer@didier.fr
-1,Lina,Alcala,lina.alcala@vespa.net
-1,Itzel,Murphy,itzel.murphy@muelichen.de
-1,Filippo,Parry,filippo.parry@live.com
-1,Katelyn,Cole,katelyn.cole@fiebig.com
-1,Brian,Novak,brian.novak@ford.net
-1,Cilly,Gay,cilly.gay@callegaro.it
-1,Yolanda,Snyder,yolanda.snyder@gmx.de
-1,Evelin,Odonnell,evelin.odonnell@ibarra.net
-1,Ingeborg,Alba,ingeborg.alba@hotmail.com
-1,Marina,Madrid,marina.madrid@galarza-alba.com
-1,Sheila,Goodwin,sheila.goodwin@yahoo.com
-1,Valeria,Rich,valeria.rich@turchetta-mondadori.it
-1,Dustin,Camacho,dustin.camacho@rhodes.org.au
-1,Amalia,Marenzio,amalia.marenzio@grupo.com
-1,Gian,Long,gian.long@hotmail.com
-1,Stewart,Hunt,stewart.hunt@anderson-vargas.biz
-1,Greca,Ruiz,greca.ruiz@carr.co.uk
-1,Gerald,Olivera,gerald.olivera@outlook.com
-1,Jaqueline,Wallace,jaqueline.wallace@gmail.com
-1,John,Lane,john.lane@gregoire.fr
-1,Pero,Joly,pero.joly@bernard.net
-1,Chad,Turner,chad.turner@gmail.com
-1,Adam,Zavala,adam.zavala@guichard.fr
-1,Tyler,Rivera,tyler.rivera@guajardo-ozuna.com
-1,Jens,Graham,jens.graham@jones-buckley.com
-1,Virginia,Caetani,virginia.caetani@sosa.biz
-1,Martino,Wagner,martino.wagner@laposte.net
-1,Martin,Meyer,martin.meyer@davis.co.uk
-1,Marguerite,Walls,marguerite.walls@martinez.fr
-1,Peter,Vogt,peter.vogt@yahoo.com
-1,Nicholas,Christian,nicholas.christian@hotmail.de
-1,Susi,Steinberg,susi.steinberg@preiss.com
-1,Tammy,Ramazzotti,tammy.ramazzotti@gmail.com
-1,Abdul,Thomas,abdul.thomas@vasari.com
-1,Justin,Luxardo,justin.luxardo@googlemail.com
-1,Antonio,Gibson,antonio.gibson@faust.net
-1,Jeremy,Gomez,jeremy.gomez@oconnor.org
-1,Raymond,Solorzano,raymond.solorzano@gmail.com
-1,Flora,Harris,flora.harris@hotmail.com.au
-1,Cheryl,Boyd,cheryl.boyd@segni.it
-1,Rhys,Leiva,rhys.leiva@gmx.de
-1,Mariano,Prieto,mariano.prieto@vodafone.it
-1,Laurie,Fibonacci,laurie.fibonacci@gmail.com
-1,David,Rudolph,david.rudolph@nelson.com
-1,Bryan,Ross,bryan.ross@yahoo.com
-1,Ubaldo,Brown,ubaldo.brown@philippe.com
-1,Clelia,Faulkner,clelia.faulkner@hotmail.com
-1,Sara,Erickson,sara.erickson@yahoo.de
-1,Rupert,Valle,rupert.valle@filogamo.it
-1,Puccio,Kitzmann,puccio.kitzmann@yahoo.com
-1,Thomas,Hutchinson,thomas.hutchinson@gmx.de
-1,Abelardo,Castro,abelardo.castro@gmail.com
-1,Greco,Walker,greco.walker@yahoo.com
-1,Miranda,Lacombe,miranda.lacombe@longoria-vanegas.net
-1,Diana,Schuchhardt,diana.schuchhardt@libero.it
-1,Stacey,Knox,stacey.knox@corporacin.com
-1,Glen,Faivre,glen.faivre@yahoo.com
-1,Andrew,Torres,andrew.torres@ruiz-torres.org
-1,Denny,Fritz,denny.fritz@despacho.biz
-1,Martyn,Caldera,martyn.caldera@hotmail.co.uk
-1,Abigail,Foster,abigail.foster@taylor.net
-1,Anthony,Hauffer,anthony.hauffer@tlustek.org
-1,Roger,Gerlach,roger.gerlach@may-mitchell.co.uk
-1,Christopher,Poirier,christopher.poirier@hotmail.com
-1,Branka,Traore,branka.traore@jacobi.com
-1,Briana,Etienne,briana.etienne@bishop-coates.com
-1,Brandon,Olson,brandon.olson@prince-moreno.net
-1,Celia,Ungaretti,celia.ungaretti@fox.com
-1,Barbara,Guibert,barbara.guibert@casares-sanches.com
-1,Daniela,Bell,daniela.bell@vollbrecht.org
-1,Phyllis,Gurule,phyllis.gurule@rodriguez-pham.com
-1,Alejandra,Joseph,alejandra.joseph@escalante-abrego.biz
-1,Giulio,Bohlander,giulio.bohlander@dbmail.com
-1,Amber,Weller,amber.weller@toso.eu
-1,Mary,Etzold,mary.etzold@conrad-harrison.com
-1,Amy,Georges,amy.georges@raedel.de
-1,Jennifer,Giraud,jennifer.giraud@yahoo.com
-1,Rosie,Peltier,rosie.peltier@voila.fr
-1,Oreste,Ward,oreste.ward@proyectos.com
-1,Luis,Edwards,luis.edwards@live.com
-1,Fiona,Griffiths,fiona.griffiths@curatoli-verdone.it
-1,Sally,Raya,sally.raya@tarchetti.it
-1,Carolyn,Charpentier,carolyn.charpentier@hotmail.de
-1,Nathalie,Alvarez,nathalie.alvarez@live.com
-1,Abril,Lowery,abril.lowery@novak.net
-1,Ottone,Sullivan,ottone.sullivan@hussain-kaur.com
-1,Esmeralda,Sollima,esmeralda.sollima@visintini.it
-1,Silvia,Gierschner,silvia.gierschner@tele2.it
-1,Kyle,Cunningham,kyle.cunningham@voila.fr
-1,Anel,Carpentier,anel.carpentier@klein-joseph.org
-1,Sarah,Davis,sarah.davis@david.com
-1,Luke,Klein,luke.klein@hotmail.com
-1,Gudrun,Mueller,gudrun.mueller@dillon-fuller.info
-1,Melissa,Canali,melissa.canali@libero.it
-1,Gabrielle,Ayala,gabrielle.ayala@hotmail.com
-1,Laura,Buckley,laura.buckley@ryan.org
-1,Wilfrido,Lorch,wilfrido.lorch@leclerc.fr
-1,Robert,Bruder,robert.bruder@manzoni.com
-1,Phillip,Soliz,phillip.soliz@outlook.com
-1,Alex,Smith,alex.smith@fournier.fr
-1,Jessica,Martinez,jessica.martinez@salieri.com
-1,Kelly,Carter,kelly.carter@hotmail.com.au
-1,Ahmad,Sosa,ahmad.sosa@gmail.com
-1,Toralf,Iglesias,toralf.iglesias@borrego.com
-1,Irene,Anichini,irene.anichini@yahoo.com
-1,Alicia,Cainero,alicia.cainero@yahoo.com
-1,Tracey,Laboy,tracey.laboy@bell.biz
-1,Donald,Reynaud,donald.reynaud@green.edu.au
-1,Venancio,Stadelmann,venancio.stadelmann@gmx.de
-1,Seth,Olivier,seth.olivier@yahoo.com
-1,Dennis,Boaga,dennis.boaga@gmx.de
-1,Pedro,Wilson,pedro.wilson@outlook.com
-1,Roland,Weihmann,roland.weihmann@gmail.com
-1,Hector,Morrison,hector.morrison@web.de
-1,Evangelos,Peters,evangelos.peters@sanchez.net
-1,Gerardo,Hamilton,gerardo.hamilton@libero.it
-1,Meta,Cuzzocrea,meta.cuzzocrea@howard-jensen.org
-1,Alma,Raymond,alma.raymond@tin.it
-1,Kathleen,Solimena,kathleen.solimena@wallace.biz
-1,Zacharie,Cordier,zacharie.cordier@gmail.com
-1,Riza,Techer,riza.techer@yahoo.com
-1,Enrique,Guillen,enrique.guillen@hotmail.co.uk
-1,Tristan,Weeks,tristan.weeks@pena.com
-1,Natalie,Lerma,natalie.lerma@boucher.com
-1,Rodney,Hamon,rodney.hamon@hotmail.com
-1,Adalberto,Lombardo,adalberto.lombardo@sfr.fr
-1,Florencia,Querini,florencia.querini@gmail.com
-1,Liam,Rolland,liam.rolland@yahoo.fr
-1,Ian,Kelly,ian.kelly@reeves.com.au
-1,Mehdi,Todd,mehdi.todd@web.de
-1,Rembrandt,Liguori,rembrandt.liguori@davis.org
-1,Irmi,Schweitzer,irmi.schweitzer@ozuna.com
-1,Gioffre,Stein,gioffre.stein@hotmail.com.au
-1,Frida,Villarreal,frida.villarreal@hotmail.de
-1,Steffen,Mangold,steffen.mangold@paul.net
-1,Elias,Marin,elias.marin@herve.net
-1,Roman,Gonzalez,roman.gonzalez@anderson.net
-1,Reina,Middleton,reina.middleton@hotmail.com
-1,Sandro,Moran,sandro.moran@hotmail.de
-1,Gebhard,Thanel,gebhard.thanel@gmail.com
-1,Antonino,Bolander,antonino.bolander@gmail.com
-1,Karl,Trevisani,karl.trevisani@anguissola.it
-1,Silvester,Brookes,silvester.brookes@franco.org
-1,Octavio,Pratt,octavio.pratt@web.de
-1,Rebecca,Greer,rebecca.greer@hotmail.com
-1,Pierina,Gaggini,pierina.gaggini@free.fr
-1,Robin,Schleich,robin.schleich@rogers-barrera.biz
-1,Sergio,Abbott,sergio.abbott@moore.net.au
-1,Gilberto,Evans,gilberto.evans@salcedo-archuleta.net
-1,James,Elliott,james.elliott@gmail.com
-1,Timoteo,Bolnbach,timoteo.bolnbach@laboratorios.com
-1,Tonino,Stanley,tonino.stanley@hotmail.com
-1,Margaretha,Murialdo,margaretha.murialdo@meunier.com
-1,Bianca,Drubin,bianca.drubin@libero.it
-1,Kaylee,Hoffmann,kaylee.hoffmann@poulain.com
-1,Teresa,Vecellio,teresa.vecellio@yahoo.com
-1,Emine,Tacchini,emine.tacchini@dbmail.com
-1,Dawn,Cortez,dawn.cortez@gmail.com
-1,Emily,Cundari,emily.cundari@clark.com.au
-1,Eleanor,Hall,eleanor.hall@hotmail.com
-1,Monique,Delgadillo,monique.delgadillo@hotmail.co.uk
-1,Arnaude,Warner,arnaude.warner@gmail.com
-1,Jason,Howell,jason.howell@gmx.de
-1,Nicole,Mccullough,nicole.mccullough@hall.com
-1,Rosmarie,Esquibel,rosmarie.esquibel@bouygtel.fr
-1,Leonor,Ferreira,leonor.ferreira@gmail.com
-1,Brett,Jones,brett.jones@alice.it
-1,Nino,Bien,nino.bien@gmail.com
-1,Jemma,Tate,jemma.tate@hotmail.de
-1,Denis,Rogers,denis.rogers@poste.it
-1,Vanesa,Khan,vanesa.khan@voila.fr
-1,Victoria,Ojeda,victoria.ojeda@doehn.com
-1,Eugenio,Martin,eugenio.martin@yahoo.de
-1,Nancy,Hayes,nancy.hayes@hotmail.com
-1,Lara,Jacob,lara.jacob@buckley.org
-1,Gino,Hernandez,gino.hernandez@covarrubias.com
-1,Vicente,Tijerina,vicente.tijerina@montanariello.com
-1,Michele,Brambilla,michele.brambilla@yahoo.com
-1,Dana,Ritacca,dana.ritacca@gmail.com
-1,Mitchell,Bachmann,mitchell.bachmann@suarez-cruz.com
-1,Vincenza,Key,vincenza.key@adams.com
-1,Salvador,Gaillard,salvador.gaillard@yahoo.de
-1,Diane,Rogner,diane.rogner@kelly.co.uk
-1,Josette,Laine,josette.laine@saracino-parisi.net
-1,Courtney,Fiebig,courtney.fiebig@doerschner.com
-1,Hugues,Oliver,hugues.oliver@stiffel.com
-1,Espartaco,Willis,espartaco.willis@hotmail.com
-1,Flavia,Yoder,flavia.yoder@hotmail.de
-1,Casey,Flores,casey.flores@baggio.org
-1,Calogero,Cross,calogero.cross@mercantini.it
-1,Charles,Begum,charles.begum@laboratorios.info
-1,Adina,Pollard,adina.pollard@outlook.com
-1,Natasha,Lara,natasha.lara@outlook.com
-1,Benita,Pottier,benita.pottier@sfr.fr
-1,Elizabeth,Valdivia,elizabeth.valdivia@gmail.com
-1,Mattia,Huet,mattia.huet@aol.de
-1,Geza,Howard,geza.howard@voila.fr
-1,Lauren,Guillaume,lauren.guillaume@sorgatz.org
-1,Joanna,Baxter,joanna.baxter@bruce-wright.com
-1,Tracy,Metz,tracy.metz@bryant.info
-1,Birgit,Pena,birgit.pena@armellini.it
-1,Elvira,Papafava,elvira.papafava@ifrance.com
-1,Ernest,Delorme,ernest.delorme@dowerg.de
-1,Christy,Grossi,christy.grossi@alarcon-tafoya.com
-1,Hermelinda,Olmos,hermelinda.olmos@portillo.com
-1,Herbert,Fraser,herbert.fraser@holloway.org.au
-1,Giancarlo,Heydrich,giancarlo.heydrich@hotmail.com
-1,Constance,Maldonado,constance.maldonado@spiess.net
-1,Giampiero,Carlier,giampiero.carlier@hotmail.com
-1,Carlo,Jacquot,carlo.jacquot@hotmail.com
-1,Gabriel,Robles,gabriel.robles@yahoo.com
-1,Gerd,Gunpf,gerd.gunpf@gmail.com
-1,Ashley,Hellwig,ashley.hellwig@libero.it
-1,Patrick,Rosas,patrick.rosas@yahoo.com
-1,Lilla,Leonard,lilla.leonard@jungfer.com
-1,Tony,Nicolas,tony.nicolas@morrocco-seddio.net
-1,Allegra,Benedetti,allegra.benedetti@miller.com
-1,Camille,Tafuri,camille.tafuri@aol.de
-1,Juan,Wheeler,juan.wheeler@gilmore.net
-1,Leopoldo,Johnson,leopoldo.johnson@hotmail.com.au
-1,Dietmar,Grenier,dietmar.grenier@tele2.it
-1,Leonid,Scholl,leonid.scholl@collin.com
-1,Olivie,Contarini,olivie.contarini@marshall-wright.biz
-1,Jeffery,Lacroix,jeffery.lacroix@medina.org
-1,Edeltraud,Chavez,edeltraud.chavez@hotmail.com.au
-1,Mesut,Morvan,mesut.morvan@gmail.com
-1,Gregory,Jackson,gregory.jackson@ortiz.com
-1,Nicola,Rossi,nicola.rossi@berry.org
-1,Eddie,Collazo,eddie.collazo@gmail.com
-1,Philippe,Gardner,philippe.gardner@howells-jones.net
-1,Roy,Fox,roy.fox@tejeda.com
-1,Heiderose,Garcia,heiderose.garcia@noos.fr
-1,Claudine,Rowley,claudine.rowley@industrias.com
-1,Astrid,Roht,astrid.roht@fastwebnet.it
-1,Auguste,Burnett,auguste.burnett@yahoo.fr
-1,Pellegrino,Allen,pellegrino.allen@gmail.com
-1,Angela,Bowers,angela.bowers@laboratorios.com
-1,Michael,Descamps,michael.descamps@gmail.com
-1,Heidelore,Kennedy,heidelore.kennedy@guinizzelli.org
-1,Lucrezia,Koch,lucrezia.koch@petit.com
-1,Ivan,Accardo,ivan.accardo@web.de
-1,Karen,Avogadro,karen.avogadro@yahoo.com
-1,Laetitia,Gallet,laetitia.gallet@aubry.org
-1,Amico,Gosselin,amico.gosselin@shaw.info
-1,Ilaria,Bowen,ilaria.bowen@hotmail.it
-1,Marlen,Coardi,marlen.coardi@colletti.eu
-1,Rafael,Alexander,rafael.alexander@jenkins.com
-1,Herma,Gabbana,herma.gabbana@hotmail.com
-1,Zachary,Vespucci,zachary.vespucci@industrias.com
-1,Marisol,Richard,marisol.richard@gmail.com
-1,Joseph,Glover,joseph.glover@laposte.net
-1,Lauretta,Neal,lauretta.neal@hotmail.de
-1,Simone,Sauvage,simone.sauvage@yahoo.com
-1,Ramona,Brooks,ramona.brooks@kensy.de
-1,Gioele,Schwital,gioele.schwital@moody.com
-1,Elena,Jimenez,elena.jimenez@yahoo.com.au
-1,Pam,Vargas,pam.vargas@guillot.net
-1,Alison,Morales,alison.morales@lewis.com
-1,Marc,Aumann,marc.aumann@holland.com
-1,Carla,Butler,carla.butler@yahoo.com
-1,Dionigi,Bruce,dionigi.bruce@industrias.com
-1,Frank,Henry,frank.henry@yahoo.com
-1,Brent,Pons,brent.pons@proyectos.net
-1,Patricia,Liebelt,patricia.liebelt@baca.org
-1,Micheletto,Sykes,micheletto.sykes@thompson-thompson.com
-1,Rose,Blanc,rose.blanc@grupo.com
-1,Vincent,Singh,vincent.singh@gmail.com
-1,Jamie,Peacock,jamie.peacock@interiano-nordio.com
-1,Giorgia,Dijoux,giorgia.dijoux@paul.com
-1,Serena,Piacentini,serena.piacentini@yahoo.de
-1,Dimitri,Posada,dimitri.posada@gmail.com
-1,Alexa,Barillaro,alexa.barillaro@ramos.net
-1,Megan,Kuhl,megan.kuhl@despacho.com
-1,Kaitlyn,Farinelli,kaitlyn.farinelli@outlook.com
-1,Jonathan,Castellitto,jonathan.castellitto@libero.it
-1,Lisa,Terragni,lisa.terragni@proyectos.com
-1,Olivier,Petrucelli,olivier.petrucelli@letta-raurica.eu
-1,Jos,Trobbiani,jos.trobbiani@samson.com
-1,Mirjam,Dawson,mirjam.dawson@yahoo.com
-1,Javier,Tessier,javier.tessier@mclaughlin.biz
-1,Mirjana,Collins,mirjana.collins@hotmail.com
-1,Vanessa,Tschentscher,vanessa.tschentscher@mitchell.com
-1,Antonina,Cobb,antonina.cobb@gibson.org
-1,Bernard,Durand,bernard.durand@royer.com
-1,Corey,Greggio,corey.greggio@johnson.org.au
-1,Rodolfo,Couturier,rodolfo.couturier@tim.it
-1,Pierre,Cardenas,pierre.cardenas@luzi-bonomo.eu
-1,Romeo,Surian,romeo.surian@batista.com
-1,Ivo,Moreno,ivo.moreno@hotmail.com
-1,Federico,Marie,federico.marie@jourdan.fr
-1,Maggie,Boito,maggie.boito@yahoo.com
-1,Brianna,Hanson,brianna.hanson@stanley.com
-1,Heiko,Bourgeois,heiko.bourgeois@togliatti.com
-1,Benito,Gritti,benito.gritti@gmail.com
-1,Mitzy,Junk,mitzy.junk@zaragoza.com
-1,Samantha,Lowe,samantha.lowe@praga.it
-1,Ernesto,Nerger,ernesto.nerger@middleton.co.uk
-1,Melinda,Canova,melinda.canova@orange.fr
-1,Mohammad,Hartung,mohammad.hartung@hotmail.com
-1,Ben,Maillot,ben.maillot@ramos.net
-1,Isabel,Pruschke,isabel.pruschke@gmail.com
-1,Linda,Franceschi,linda.franceschi@richards.net
-1,Olivia,Striebitz,olivia.striebitz@gmail.com
-1,Penny,Watson,penny.watson@matthews.net
-1,Manfred,James,manfred.james@davies.org
-1,Hazel,Pierce,hazel.pierce@outlook.com
-1,Alf,Bates,alf.bates@dunn.com
-1,Scott,Gough,scott.gough@industrias.com
-1,Konrad,Briones,konrad.briones@fierro.com
-1,Mathilde,Kruschwitz,mathilde.kruschwitz@yahoo.com
-1,Irma,Gemito,irma.gemito@googlemail.com
-1,Antoine,Guyon,antoine.guyon@yahoo.com
-1,William,Gibilisco,william.gibilisco@gaillard.com
-1,Judith,Butte,judith.butte@fischer-vaughn.info
-1,Joanne,Henderson,joanne.henderson@gmail.com
-1,Ludovica,Arellano,ludovica.arellano@morandi-argento.com
-1,Catherine,Gray,catherine.gray@hotmail.com
-1,Franco,Fioravanti,franco.fioravanti@barry-gill.com.au
-1,Heather,Zimmer,heather.zimmer@bluemel.de
-1,Hortense,Taylor,hortense.taylor@chambers.biz
-1,Livia,Ernst,livia.ernst@colas.fr
-1,Toby,Etzler,toby.etzler@industrias.com
-1,Ennio,Leoncavallo,ennio.leoncavallo@sanchez.org
-1,Philippine,Vaca,philippine.vaca@hotmail.com
-1,Rhonda,Phillips,rhonda.phillips@yahoo.com
-1,Alphonse,Nitto,alphonse.nitto@voila.fr
-1,Karina,Arreola,karina.arreola@yahoo.com.au
-1,Denise,Wood,denise.wood@mantegna.com
-1,Burghard,Rosenow,burghard.rosenow@hotmail.com
-1,Friedl,Powell,friedl.powell@laposte.net
-1,Benjamin,Schultz,benjamin.schultz@rivero-davila.com
-1,Rachel,Ulibarri,rachel.ulibarri@schueler.com
-1,Silvano,Blanchet,silvano.blanchet@yahoo.com
-1,Kurt,Sauer,kurt.sauer@almanza.biz
-1,Nayeli,Gehringer,nayeli.gehringer@hotmail.com
-1,Imelda,Guerin,imelda.guerin@stumpf.net
-1,Zbigniew,Holmes,zbigniew.holmes@stiffel.net
-1,Adela,Alfonsi,adela.alfonsi@despacho.com
-1,Hilary,Clark,hilary.clark@libero.it
-1,Kornelius,Molina,kornelius.molina@heuser.com
-1,Christian,Anderson,christian.anderson@tim.it
-1,Francisco,Dorsey,francisco.dorsey@tiscali.fr
-1,Walli,Albert,walli.albert@dussen.com
-1,Siegrun,Mota,siegrun.mota@matthews-montoya.org.au
-1,Alberico,Herve,alberico.herve@beer.net
-1,Serafina,Bonnin,serafina.bonnin@mendes.com
-1,Marcelle,Bender,marcelle.bender@edwards-robinson.info
-1,Hartmuth,Robertson,hartmuth.robertson@thomas.edu.au
-1,Herlinde,George,herlinde.george@free.fr
-1,Pamela,Payne,pamela.payne@yahoo.com
-1,Gastone,Beyer,gastone.beyer@stewart-sanchez.edu
-1,Lydia,Berengario,lydia.berengario@aol.de
-1,Lucy,Davidson,lucy.davidson@tele2.it
-1,Franck,Wade,franck.wade@gute.org
-1,Heidi,Barker,heidi.barker@gmail.com
-1,Arnaldo,Ocasio,arnaldo.ocasio@hotmail.com
-1,Francis,Bernier,francis.bernier@rodriguez.com
-1,Johanne,Strong,johanne.strong@yahoo.de
-1,Debra,Langlois,debra.langlois@schmiedecke.com
-1,Reingard,Kambs,reingard.kambs@sagese.eu
-1,Mauro,Ortiz,mauro.ortiz@oquendo.net
-1,Griselda,Carranza,griselda.carranza@krause.de
-1,Janet,Madrigal,janet.madrigal@gmail.com
-1,Jenna,Day,jenna.day@reed.com
-1,Modesto,Wright,modesto.wright@pareto.com
-1,Alice,Wall,alice.wall@zaccardo.it
-1,Brenda,Sontag,brenda.sontag@solari.com
-1,Sergius,Mace,sergius.mace@palazzo.com
-1,Antonia,Kline,antonia.kline@gmail.com
-1,Maurice,Gumprich,maurice.gumprich@griffin.net.au
-1,Daniel,Anders,daniel.anders@yahoo.com
-1,Zaira,Cattaneo,zaira.cattaneo@yahoo.com
-1,Alessio,Bruneau,alessio.bruneau@hotmail.co.uk
-1,Gerdi,Guerrero,gerdi.guerrero@tele2.fr
-1,Brigitte,Stiebitz,brigitte.stiebitz@gmail.com
-1,June,Sinisi,june.sinisi@manzoni-giannini.it
-1,Carl,Macias,carl.macias@yahoo.com
-1,Veronica,Trapp,veronica.trapp@tiscali.it
-1,Frances,Garnier,frances.garnier@aporti-guidotti.org
-1,Terri,Iannelli,terri.iannelli@hotmail.com
-1,Odette,Moore,odette.moore@hall.edu
-1,Mercedes,Trujillo,mercedes.trujillo@aol.de
-1,Babette,Dumas,babette.dumas@brady.net
-1,Jerry,Santiago,jerry.santiago@soprano-ferragni.it
-1,Ronald,Simpson,ronald.simpson@ovadia.net
-1,Emmanuel,Dominguez,emmanuel.dominguez@gmail.com
-1,Christiane,Ricciardi,christiane.ricciardi@zavala.com
-1,Ingolf,Zamora,ingolf.zamora@yahoo.com.au
-1,Rita,Sharp,rita.sharp@beard-scott.edu.au
-1,Geraldine,Cabrera,geraldine.cabrera@green-smith.info
-1,Chantal,Armas,chantal.armas@jenkins.net
-1,Louis,Gilbert,louis.gilbert@gmail.com
-1,Michelle,Collier,michelle.collier@peruzzi.it
-1,Guillermina,Nicholson,guillermina.nicholson@grondin.fr
-1,Bertrand,Hopkins,bertrand.hopkins@gmail.com
-1,Alonso,Palomo,alonso.palomo@gehringer.de
-1,Tina,Rodriguez,tina.rodriguez@web.de
-1,Eva,Francis,eva.francis@parker.org
-1,Ottavio,Rust,ottavio.rust@crespi.com
-1,Amelia,Olvera,amelia.olvera@hotmail.com
-1,Paul,Palladio,paul.palladio@mclaughlin.net.au
-1,Bernardo,Wieloch,bernardo.wieloch@budig.com
-1,Umberto,Hicks,umberto.hicks@hill.com
-1,Janko,Bishop,janko.bishop@tim.it
-1,Jessika,Meunier,jessika.meunier@gmx.de
-1,Isaac,Benard,isaac.benard@googlemail.com
-1,Alexandrie,Lambert,alexandrie.lambert@yahoo.com
-1,Roberto,Guyot,roberto.guyot@bennett.com
-1,Giulietta,Lucas,giulietta.lucas@club.com
-1,Damaris,Pininfarina,damaris.pininfarina@gmail.com
-1,Fabrizia,Renard,fabrizia.renard@higgins-marks.com
-1,Camillo,Dehmel,camillo.dehmel@brown-campbell.com
-1,Ruggero,Parpinel,ruggero.parpinel@gmail.com
-1,Stephen,Pratesi,stephen.pratesi@hotmail.com
-1,Ludger,Naccari,ludger.naccari@ingram.biz
-1,Meryem,Tapia,meryem.tapia@yahoo.com
-1,Jasmine,Juvara,jasmine.juvara@yahoo.com.au
-1,Victoire,Travaglia,victoire.travaglia@zacchia.com
-1,Adrian,Noel,adrian.noel@perrin.com
-1,Marvin,Howe,marvin.howe@gmail.com
-1,Hanne,Kidd,hanne.kidd@yahoo.com
-1,Donatello,Millet,donatello.millet@fritsch.net
-1,Eloisa,Pascarella,eloisa.pascarella@gmail.com
-1,Erica,Zambrano,erica.zambrano@gmail.com
-1,Paula,Canales,paula.canales@gilmore-guerrero.com
-1,Claudia,Bernard,claudia.bernard@mazzanti.it
-1,Paulina,Miller,paulina.miller@lewis-barker.com
-1,Kathrin,Godfrey,kathrin.godfrey@tele2.fr
-1,Pina,Passalacqua,pina.passalacqua@yahoo.co.uk
-1,Julien,Miles,julien.miles@stevens-rose.com
-1,Suzanne,Benigni,suzanne.benigni@mennea-morlacchi.com
-1,Annalisa,Pugh,annalisa.pugh@hotmail.fr
-1,Mathew,Maestas,mathew.maestas@casas-garrido.com
-1,Laszlo,Vallee,laszlo.vallee@verdier.com
-1,Helen,Polanco,helen.polanco@hotmail.com
-1,Mateo,Sorrentino,mateo.sorrentino@calderon.com
-1,Eric,Barnes,eric.barnes@barrett-winter.com
-1,Dragica,West,dragica.west@yahoo.com.au
-1,Antje,Voisin,antje.voisin@gmail.com
-1,Stanley,Mills,stanley.mills@parker-lee.biz
-1,Brandy,Meraz,brandy.meraz@yahoo.com
-1,Conor,Reinhardt,conor.reinhardt@yahoo.com.au
-1,Gabino,Blot,gabino.blot@lewis-russell.org
-1,Alvaro,Lemus,alvaro.lemus@yahoo.com
-1,Patrizia,Wilms,patrizia.wilms@dbmail.com
-1,Metin,Coulon,metin.coulon@ashley.com
-1,Reece,Valencia,reece.valencia@laboy-palomo.com
-1,Troy,Schmiedecke,troy.schmiedecke@picard.com
-1,Wendy,Bustos,wendy.bustos@libero.it
-1,Guglielmo,Caldwell,guglielmo.caldwell@loeffler.com
-1,Travis,Cowan,travis.cowan@turner.info
-1,Brandi,Abbagnale,brandi.abbagnale@tele2.fr
-1,Hanno,Gollum,hanno.gollum@smith.com
-1,Jutta,Burke,jutta.burke@elliott.com
-1,Dorothe,Paz,dorothe.paz@fiebig.de
-1,Desiree,Huerta,desiree.huerta@morris.com
-1,Ilse,Bray,ilse.bray@venturi.it
-1,Pierpaolo,Scaduto,pierpaolo.scaduto@sanders-gibson.com.au
-1,Amedeo,Bradford,amedeo.bradford@yahoo.com
-1,Julia,Ali,julia.ali@yahoo.com
-1,Catalina,Pizzetti,catalina.pizzetti@tim.it
-1,Dylan,Porzio,dylan.porzio@yahoo.de
-1,Iris,Trincavelli,iris.trincavelli@tiscali.fr
-1,Johnathan,Guidotti,johnathan.guidotti@cox-sanchez.net
-1,Walburga,Vollbrecht,walburga.vollbrecht@aol.de
-1,Kendra,David,kendra.david@allan-morton.com
-1,Aleksandr,Weiss,aleksandr.weiss@blanc.org
-1,Cornelio,Guardado,cornelio.guardado@gmail.com
-1,Ferdi,Blackburn,ferdi.blackburn@christensen.net
-1,Bill,Gallagher,bill.gallagher@green.com
-1,Leonard,Harvey,leonard.harvey@hotmail.com
-1,Milan,Montenegro,milan.montenegro@langern.com
-1,Philip,Perez,philip.perez@hotmail.co.uk
-1,Kathryn,Hentschel,kathryn.hentschel@shaw.com
-1,Xavier,Samson,xavier.samson@baggio.it
-1,Hartwig,Roberts,hartwig.roberts@saraceno.net
-1,Kimberly,Chan,kimberly.chan@gmail.com
-1,Lorraine,Crawford,lorraine.crawford@gmail.com
-1,Maximiliano,Knowles,maximiliano.knowles@gmail.com
-1,Gabriella,Avila,gabriella.avila@gmail.com
-1,Rico,Mortati,rico.mortati@faivre.fr
-1,Gail,Petrocelli,gail.petrocelli@yahoo.com
-1,Liberto,Niemeier,liberto.niemeier@germano-dibiasi.it
-1,Luciana,Petitjean,luciana.petitjean@patterson-cole.biz
-1,Ron,Cavazos,ron.cavazos@yahoo.com
-1,Aldo,Cibin,aldo.cibin@gmx.de
-1,Alexandre,Serrano,alexandre.serrano@yahoo.co.uk
-1,Lori,Fagotto,lori.fagotto@hill-anderson.com
-1,Perla,Figueroa,perla.figueroa@live.com
-1,Reginald,Hughes,reginald.hughes@gmail.com
-1,Uriel,Holt,uriel.holt@gmail.com
-1,Stefano,Lemonnier,stefano.lemonnier@binner.com
-1,Madeleine,Cooper,madeleine.cooper@poste.it
-1,Alban,Barbier,alban.barbier@ortiz.org
-1,Alfonso,Finetti,alfonso.finetti@quiroz.com
-1,Ryan,Kim,ryan.kim@noos.fr
-1,Augustin,Wohlgemut,augustin.wohlgemut@watson.info
-1,Rolando,Bibi,rolando.bibi@tin.it
-1,Berthold,Randall,berthold.randall@mcdonald.com
-1,Genaro,Briand,genaro.briand@sfr.fr
-1,Rudolf,Jenkins,rudolf.jenkins@hotmail.com
-1,Pauline,Ackermann,pauline.ackermann@arredondo-roque.com
-1,Folker,Swanson,folker.swanson@rodrigues.fr
-1,Ashleigh,Montez,ashleigh.montez@perry-schneider.com
-1,Liliana,Barber,liliana.barber@libero.it
-1,Caridad,Carr,caridad.carr@huhn.com
-1,Lolita,Borrego,lolita.borrego@gmail.com
-1,Gunar,Patrick,gunar.patrick@leroy.com
-1,Leokadia,Verdier,leokadia.verdier@hotmail.com.au
-1,Hanna,Reid,hanna.reid@salas.org
-1,Edelgard,Kreusel,edelgard.kreusel@hotmail.com
-1,Svenja,Perrin,svenja.perrin@berger.com
-1,Pierluigi,Taccola,pierluigi.taccola@gmx.de
-1,Cilli,Watts,cilli.watts@yahoo.com
-1,Emiliano,Wells,emiliano.wells@gmx.de
-1,April,Davids,april.davids@fisher.info
-1,Dolores,Didier,dolores.didier@yahoo.com.au
-1,Sylvia,Bonomo,sylvia.bonomo@poulain.com
-1,Nelly,Marsh,nelly.marsh@hotmail.it
-1,Beth,Miniati,beth.miniati@hudson.net
-1,Renee,Merino,renee.merino@gmail.com
-1,Hailey,Russell,hailey.russell@jourdan.org
-1,Raphaela,Gotthard,raphaela.gotthard@outlook.com
-1,Pomponio,Comencini,pomponio.comencini@hotmail.co.uk
-1,Leone,Richardson,leone.richardson@yahoo.com
-1,Valentine,Acosta,valentine.acosta@peters.net
-1,Ricciotti,Laureano,ricciotti.laureano@parsons.com
-1,Jacques,Heidrich,jacques.heidrich@zamudio-chapa.com
-1,Anne,Snow,anne.snow@gmail.com
-1,Sonia,Volta,sonia.volta@gmx.de
-1,Dale,Leblanc,dale.leblanc@stewart.com
-1,Alejandro,Cruz,alejandro.cruz@hotmail.com
-1,Elsa,Cugia,elsa.cugia@yahoo.com
-1,Geronimo,Pechel,geronimo.pechel@hotmail.com
-1,Melania,Klemm,melania.klemm@seidel.com
-1,Katherine,Cooley,katherine.cooley@yahoo.com
-1,Guillermo,Larsen,guillermo.larsen@yahoo.com
-1,Jill,Barrios,jill.barrios@gmail.com
-1,Austin,Musatti,austin.musatti@tin.it
-1,Jacinto,Rose,jacinto.rose@yahoo.com
-1,Lucie,Redi,lucie.redi@googlemail.com
-1,Tania,Chapman,tania.chapman@remy.com
-1,Alexandria,Best,alexandria.best@yahoo.co.uk
-1,Edward,Scott,edward.scott@yahoo.com
-1,Jake,Wiley,jake.wiley@outlook.com
-1,Claudio,Reuter,claudio.reuter@morgan-collins.org.au
-1,Laure,Traetta,laure.traetta@kay-perkins.co.uk
-1,Magarete,Valentin,magarete.valentin@yahoo.com
-1,Paige,Hill,paige.hill@jones.org.au
-1,Fulvio,Curiel,fulvio.curiel@reynolds.com
-1,Thibaut,Camarillo,thibaut.camarillo@hotmail.com
-1,Romana,Blanchard,romana.blanchard@googlemail.com
-1,Thibault,Savorgnan,thibault.savorgnan@butler.biz
-1,Alexander,Pausini,alexander.pausini@gonzalez.info
-1,Pierangelo,Scholtz,pierangelo.scholtz@lefevre.com
-1,Emmanuelle,Keller,emmanuelle.keller@morton-clarke.com
-1,Isabella,Deleon,isabella.deleon@web.de
-1,Timothy,Weitzel,timothy.weitzel@gmail.com
-1,Alfredo,Ingram,alfredo.ingram@hotmail.com
-1,Francesca,Kade,francesca.kade@luna-rael.org
-1,Tonia,Coleman,tonia.coleman@hotmail.com
-1,Gottfried,Barbe,gottfried.barbe@hotmail.com
-1,Jeffrey,Trommler,jeffrey.trommler@yahoo.com
-1,Giacobbe,Owens,giacobbe.owens@huet.fr
-1,Conchita,Pagliaro,conchita.pagliaro@googlemail.com
-1,Kevin,Delahaye,kevin.delahaye@ellis-wilson.com
-1,Rouven,Ovadia,rouven.ovadia@gmail.com
-1,Piermaria,Laporte,piermaria.laporte@wesack.com
-1,Karolin,Johann,karolin.johann@hotmail.com
-1,Steven,Folliero,steven.folliero@noos.fr
-1,Livio,Rosselli,livio.rosselli@green.co.uk
-1,Gaetano,Leonardi,gaetano.leonardi@despacho.com
-1,Cynthia,Robinson,cynthia.robinson@gilles.net
-1,Eleni,Aponte,eleni.aponte@club-internet.fr
-1,Noelia,Romo,noelia.romo@yahoo.com
-1,Evelyn,Haynes,evelyn.haynes@clark.info
-1,Katharine,Zaccagnini,katharine.zaccagnini@hotmail.com
-1,Lea,Merle,lea.merle@stey.de
-1,Marta,Huynh,marta.huynh@hernandez.info
-1,Amador,Riley,amador.riley@hotmail.com
-1,Julie,Coles,julie.coles@hotmail.fr
-1,Beverley,Telesio,beverley.telesio@regnier.fr
-1,Corinne,Mitschke,corinne.mitschke@hauffer.net
-1,Valerie,Ortega,valerie.ortega@tele2.it
-1,Carlos,Delle,carlos.delle@hicks.com
-1,Christina,Besnard,christina.besnard@delorme.com
-1,Rosario,Jacques,rosario.jacques@yahoo.com
-1,Celal,Fischer,celal.fischer@aol.de
-1,Leonardo,Guzman,leonardo.guzman@andreozzi-abba.com
-1,Clinton,Mason,clinton.mason@yahoo.com
-1,Loretta,Mallet,loretta.mallet@sansoni-toscani.it
-1,Lorenzo,Roero,lorenzo.roero@hotmail.co.uk
-1,Lando,Gutierrez,lando.gutierrez@heser.com
-1,Elaine,Patterson,elaine.patterson@rose-morris.org
-1,Marcella,Govoni,marcella.govoni@barkholz.net
-1,Ettore,Amaldi,ettore.amaldi@germain.com
-1,Rufino,Gallegos,rufino.gallegos@webster-newton.co.uk
-1,Georges,Richards,georges.richards@macdonald.com
-1,Janice,Infantino,janice.infantino@hotmail.com
-1,Svetlana,Montanariello,svetlana.montanariello@putz.de
-1,Agnolo,Cedillo,agnolo.cedillo@laboratorios.biz
-1,Hannah,Jockel,hannah.jockel@ceravolo-tonisto.eu
-1,Yvonne,Stout,yvonne.stout@sims.edu
-1,Anouk,Pace,anouk.pace@gmail.com
-1,Esteban,Valdez,esteban.valdez@hotmail.com
-1,Angelina,Davies,angelina.davies@hotmail.com
-1,Anastasie,Cadena,anastasie.cadena@live.com
-1,Hansjoachim,Lettiere,hansjoachim.lettiere@hall-mcdaniel.net
-1,Yeni,Tejada,yeni.tejada@olson.edu.au
-1,Dulce,Adinolfi,dulce.adinolfi@hotmail.com
-1,Sean,Mielcarek,sean.mielcarek@gmail.com
-1,Omar,Fonseca,omar.fonseca@grupo.org
-1,Henry,Gucci,henry.gucci@leleu.fr
-1,Samira,Bottaro,samira.bottaro@vasseur.fr
-1,Korinna,Arnold,korinna.arnold@zapata-saenz.biz
-1,Marcela,Ferrante,marcela.ferrante@gmx.de
-1,Douglas,Amaya,douglas.amaya@favata-brenna.net
-1,Katherina,Barrientos,katherina.barrientos@trobbiani.eu
-1,Brittany,Tran,brittany.tran@tele2.it
-1,Caroline,Reeves,caroline.reeves@yahoo.com
-1,Joe,Michaud,joe.michaud@yahoo.fr
-1,Marco,Vittadello,marco.vittadello@gmail.com
-1,Kim,Webb,kim.webb@yahoo.com.au
-1,Eugenia,Zichichi,eugenia.zichichi@yahoo.com
-1,Aurore,Rosemann,aurore.rosemann@leoncavallo-rusticucci.com
-1,Giustino,Luzi,giustino.luzi@rolland.fr
-1,Anita,Galindo,anita.galindo@gmail.com
-1,Gunhild,Carrillo,gunhild.carrillo@elliott-gilbert.org
-1,Rosa,Paul,rosa.paul@bien.com
-1,Marliese,Oneal,marliese.oneal@gmail.com
-1,Bethany,Hartmann,bethany.hartmann@yahoo.com
-1,Irina,Martineau,irina.martineau@gmail.com
-1,Beatriz,Moulin,beatriz.moulin@pinto.com
-1,Lucas,Austin,lucas.austin@gmail.com
-1,Carole,Nohlmans,carole.nohlmans@yahoo.com
-1,Bozena,Schmitt,bozena.schmitt@vallet.com
-1,Aimee,Foconi,aimee.foconi@outlook.com
-1,Marzena,Carrero,marzena.carrero@roskoth.de
-1,Raisa,Poulain,raisa.poulain@fastwebnet.it
-1,Marcantonio,Bennett,marcantonio.bennett@hopkins.com.au
-1,Kenneth,Hurst,kenneth.hurst@meunier.net
-1,Marisela,Mende,marisela.mende@godoy-enriquez.com
-1,Blanka,Villareal,blanka.villareal@monduzzi.net
-1,Tomislav,Stoppani,tomislav.stoppani@corporacin.org
-1,Krystal,Ammaniti,krystal.ammaniti@barbier.fr
-1,Deanna,Aporti,deanna.aporti@bouygtel.fr
-1,Donatella,Burns,donatella.burns@yahoo.de
-1,Margrit,Hooper,margrit.hooper@douglas.com
-1,Baccio,Marcacci,baccio.marcacci@laposte.net
-1,Alfio,Roman,alfio.roman@hotmail.co.uk
-1,Soledad,Soto,soledad.soto@hotmail.de
-1,Josh,Cimarosa,josh.cimarosa@hotmail.com
-1,Nath,Rico,nath.rico@yahoo.com
-1,Gary,Armani,gary.armani@web.de
-1,Miriam,Oquendo,miriam.oquendo@smith-watson.biz
-1,Monica,Mohaupt,monica.mohaupt@live.com
-1,Alec,Ho,alec.ho@parra-esparza.com
-1,Harry,Fouquet,harry.fouquet@ibarra-cooper.com
-1,Arcelia,Babati,arcelia.babati@orange.fr
-1,Trinidad,Vespa,trinidad.vespa@gmail.com
-1,Colette,Ryan,colette.ryan@hotmail.com
-1,Richard,Andre,richard.andre@porras.org
-1,Ellinor,Leclercq,ellinor.leclercq@gmail.com
-1,Patricio,Guillon,patricio.guillon@web.de
-1,Kirsten,Chindamo,kirsten.chindamo@carrillo-wall.com
-1,Leo,Petruzzi,leo.petruzzi@yahoo.com
-1,Margot,Tomaselli,margot.tomaselli@junck.org
-1,Ansaldo,Marks,ansaldo.marks@patel-odonnell.com
-1,Regina,Morin,regina.morin@barcaccia.net
-1,Karla,Medici,karla.medici@yahoo.com
-1,Morgan,Irizarry,morgan.irizarry@williams-harris.biz
-1,Natividad,Wong,natividad.wong@hoevel.com
-1,Anna,Freeman,anna.freeman@snyder.net
-1,Emilia,Vivaldi,emilia.vivaldi@garnier.fr
-1,Gerda,Cook,gerda.cook@tin.it
-1,Andrey,Faure,andrey.faure@frederick-mitchell.info
-1,Charlotte,Duke,charlotte.duke@ochoa.org
-1,Cindy,Castillo,cindy.castillo@virgilio.it
-1,Hiltrud,Thibault,hiltrud.thibault@barbe.com
-1,Kasimir,Jaime,kasimir.jaime@gmail.com
-1,Sabine,Lachmann,sabine.lachmann@phillips.org
-1,Andrea,Arroyo,andrea.arroyo@yahoo.com.au
-1,Matthew,Velasquez,matthew.velasquez@gmail.com
-1,Severino,Linares,severino.linares@angeli.com
-1,Swantje,Lomeli,swantje.lomeli@gmx.de
-1,Marcus,Espino,marcus.espino@comolli.eu
-1,Allen,Gates,allen.gates@gmail.com
-1,Mauricio,Saunders,mauricio.saunders@hotmail.co.uk
-1,Gilbert,Cornejo,gilbert.cornejo@hotmail.com
-1,Letizia,Gulotta,letizia.gulotta@howard.biz
-1,Etta,Gutknecht,etta.gutknecht@leconte.net
-1,Shelley,Perry,shelley.perry@gierschner.de
-1,Geoffrey,Williams,geoffrey.williams@poste.it
-1,Cory,Stewart,cory.stewart@voila.fr
-1,Kristy,Bartlett,kristy.bartlett@outlook.com
-1,Gianluca,Beck,gianluca.beck@green.biz
-1,Guido,Krein,guido.krein@gmail.com
-1,Leif,Monnier,leif.monnier@querini.it
-1,Jonas,Badoer,jonas.badoer@kennedy.biz
-1,Devin,Ebert,devin.ebert@yahoo.fr
-1,Slobodan,Camiscione,slobodan.camiscione@hotmail.com
-1,Volkmar,Gauthier,volkmar.gauthier@hotmail.com
-1,Jordan,Rowe,jordan.rowe@outlook.com
-1,Manon,Daugherty,manon.daugherty@segre.com
-1,Estela,Segovia,estela.segovia@vodafone.it
-1,Giada,Celentano,giada.celentano@evans.net
-1,Clayton,Salcedo,clayton.salcedo@hotmail.co.uk
-1,Raven,Pinto,raven.pinto@hotmail.com
-1,Lewis,Lewis,lewis.lewis@pisano.net
-1,Rochus,Rousseau,rochus.rousseau@nguyen.com
-1,Belinda,Gamez,belinda.gamez@leleu.com
-1,Angelo,Lozano,angelo.lozano@macias.com
-1,Jorge,Monti,jorge.monti@clement.fr
-1,Ricky,Harrell,ricky.harrell@martin.edu
-1,Adriano,Wulf,adriano.wulf@schmidtke.net
-1,Pompeo,Bourdon,pompeo.bourdon@gmail.com
-1,Kristie,Garrett,kristie.garrett@wernecke.com
-1,Lodovico,Conley,lodovico.conley@yahoo.com
-1,Jean,Berthelot,jean.berthelot@oscuro.it
-1,Tadeusz,Medina,tadeusz.medina@jackson-clark.net
-1,Ruby,Carriera,ruby.carriera@hotmail.it
-1,Theres,Antonioni,theres.antonioni@hotmail.com
-1,Gloria,Morton,gloria.morton@outlook.com
-1,Graziano,Jensen,graziano.jensen@gmail.com
-1,Gianpaolo,Massey,gianpaolo.massey@bouvier.com
-1,Alain,Farmer,alain.farmer@hotmail.it
-1,Renato,Murillo,renato.murillo@club.com
-1,Edda,Ferraris,edda.ferraris@libero.it
-1,Luce,Marty,luce.marty@waehner.org
-1,Rotraud,Mitchell,rotraud.mitchell@laboratorios.com
-1,Israel,Watkins,israel.watkins@hotmail.com
-1,Nathan,Jennings,nathan.jennings@kim.com
-1,Gavin,Proietti,gavin.proietti@gmx.de
-1,Emma,Rios,emma.rios@yahoo.com.au
-1,Todd,Douglas,todd.douglas@web.de
-1,Oscar,Holsten,oscar.holsten@yahoo.com
-1,Ann,Peron,ann.peron@grupo.biz
-1,Senta,Grassi,senta.grassi@hotmail.com
-1,Kata,Mena,kata.mena@gmail.com
-1,Gianfranco,Hethur,gianfranco.hethur@stewart-lee.com.au
-1,Florentine,Saraceno,florentine.saraceno@gmail.com
-1,Giuliano,Bolzmann,giuliano.bolzmann@pacillo.it
-1,Alwine,Kostolzin,alwine.kostolzin@holloway.com
-1,Giacinto,Briggs,giacinto.briggs@yahoo.co.uk
-1,Holly,Negrete,holly.negrete@hotmail.com
-1,Mark,Trapanese,mark.trapanese@gmail.com
-1,Alyssa,Brun,alyssa.brun@chittolini-spadafora.it
-1,Cristina,Chevalier,cristina.chevalier@proyectos.com
-1,Shannon,Lefevre,shannon.lefevre@gmail.com
-1,Logan,Hornich,logan.hornich@tin.it
-1,Rosalia,Toro,rosalia.toro@free.fr
-1,Reiner,Poerio,reiner.poerio@yahoo.com
-1,Valentina,Pages,valentina.pages@hotmail.de
-1,Enrico,Fabre,enrico.fabre@gmail.com
-1,Sevim,Begue,sevim.begue@yahoo.com.au
-1,Sonja,Patberg,sonja.patberg@hotmail.com
-1,Christine,Hiller,christine.hiller@yahoo.com
-1,Maik,Beasley,maik.beasley@harper-brooks.biz
-1,Elliot,Santana,elliot.santana@gmx.de
-1,Eloy,Renzi,eloy.renzi@gmail.com
-1,Wolf,Lutz,wolf.lutz@nichols-jackson.com.au
-1,Giuseppe,Lee,giuseppe.lee@mahe.org
-1,Angelica,Cuellar,angelica.cuellar@zaguri-bellucci.net
-1,Bekir,Normand,bekir.normand@yahoo.de
-1,Carmine,Gonzales,carmine.gonzales@schleich.net
-1,Marianne,Hubert,marianne.hubert@hotmail.com
-1,Gonzalo,Montes,gonzalo.montes@hotmail.com
-1,Shelly,Guichard,shelly.guichard@gmail.com
-1,Tobias,Carbajal,tobias.carbajal@live.com
-1,Santiago,Berry,santiago.berry@aol.de
-1,Emilio,Davenport,emilio.davenport@zamora-russo.net
-1,Maurizio,Gute,maurizio.gute@knight.info
-1,Nadia,Travaglio,nadia.travaglio@colletti-broggini.com
-1,Elisa,Barkholz,elisa.barkholz@sfr.fr
-1,Cristal,Mazzini,cristal.mazzini@gmail.com
-1,Trevor,Granados,trevor.granados@gmail.com
-1,Matthieu,Mcdonald,matthieu.mcdonald@morrison.org
-1,Juliette,Preston,juliette.preston@gmail.com
-1,Stanislaw,Montalvo,stanislaw.montalvo@mcpherson-hughes.info
-1,Lilia,Lollobrigida,lilia.lollobrigida@le.com
-1,Brigitta,Shaw,brigitta.shaw@hotmail.co.uk
-1,Rebeca,Frey,rebeca.frey@gerard.fr
-1,Nicolas,Palacios,nicolas.palacios@meraz.com
-1,Susanna,Bonneau,susanna.bonneau@klingelhoefer.de
-1,Romina,Valentine,romina.valentine@hotmail.com
-1,Erika,Toussaint,erika.toussaint@sfr.fr
-1,Lothar,Laurent,lothar.laurent@garcia.com.au
-1,Chelsea,Verdugo,chelsea.verdugo@campbell.com
-1,Ria,Venier,ria.venier@murillo-estevez.com
-1,Carly,Summers,carly.summers@yahoo.co.uk
-1,Pasquale,Tomasini,pasquale.tomasini@hotmail.co.uk
-1,Stefani,Ughi,stefani.ughi@hotmail.it
-1,Jose,Huang,jose.huang@gmx.de
-1,Petros,Gaona,petros.gaona@googlemail.com
-1,Maximilian,Siering,maximilian.siering@gaito-fornaciari.org
-1,Ermenegildo,Holzapfel,ermenegildo.holzapfel@aol.de
-1,Damien,Leger,damien.leger@dixon.biz
-1,Zeferino,Barrera,zeferino.barrera@zedillo-velazquez.com
-1,Alfred,Pohl,alfred.pohl@fechner.net
-1,Marissa,Gaito,marissa.gaito@reed-campbell.edu
-1,Ariana,Houston,ariana.houston@hotmail.it
-1,Victor,Jacobs,victor.jacobs@young.com
-1,Henriette,Lang,henriette.lang@mimun.it
-1,Wilfriede,Baca,wilfriede.baca@caraballo.com
-1,Lucia,Riviere,lucia.riviere@samaniego.biz
-1,Gordon,Vigorelli,gordon.vigorelli@solano.com
-1,Diethard,Salgado,diethard.salgado@gmail.com
-1,Sue,Corrales,sue.corrales@cardenas-serna.org
-1,Arthur,Salazar,arthur.salazar@yahoo.com.au
-1,Fortunata,Schneider,fortunata.schneider@tiscali.it
-1,Gretchen,Serna,gretchen.serna@pichon.org
-1,Egon,Caron,egon.caron@hotmail.com
-1,Roberta,Finzi,roberta.finzi@knight-davies.co.uk
-1,Editha,Savage,editha.savage@davies.co.uk
-1,Allan,Emanuelli,allan.emanuelli@fernandes.org
-1,Laurence,Lucero,laurence.lucero@martin.org
-1,Istvan,Draghi,istvan.draghi@ifrance.com
-1,Luigi,Bonnet,luigi.bonnet@carriera-federico.it
-1,Yuridia,Fantozzi,yuridia.fantozzi@mcdonald.com
-1,Eraldo,Schmiedt,eraldo.schmiedt@hotmail.de
-1,Antoinette,Cox,antoinette.cox@bustamante.com
-1,Cameron,Ocampo,cameron.ocampo@hotmail.com.au
-1,Lynn,Lawson,lynn.lawson@leclercq.com
-1,Natalia,Seifert,natalia.seifert@ifrance.com
-1,Nuray,Anguillara,nuray.anguillara@yahoo.co.uk
-1,Beate,Morgan,beate.morgan@gmail.com
-1,Mario,Rees,mario.rees@gmx.de
-1,Galasso,Junken,galasso.junken@yahoo.co.uk
-1,Luca,Moses,luca.moses@franke.de
-1,Aurelio,Gertz,aurelio.gertz@hewitt.net
-1,Uberto,Steele,uberto.steele@outlook.com
-1,Annie,Hunter,annie.hunter@allen.co.uk
-1,Jo,Mccarty,jo.mccarty@hotmail.com
-1,Eitel,Lombard,eitel.lombard@thomas.net
-1,Susan,Vigliotti,susan.vigliotti@yahoo.co.uk
-1,Jacqueline,Germano,jacqueline.germano@valette.fr
-1,Fidel,Ruppert,fidel.ruppert@yahoo.co.uk
-1,Margaret,Eigenwillig,margaret.eigenwillig@yahoo.com
-1,Yvette,Harding,yvette.harding@yahoo.co.uk
-1,Federigo,Karge,federigo.karge@bohlander.com
-1,Guenther,Armenta,guenther.armenta@free.fr
-1,Coriolano,Higgins,coriolano.higgins@murphy.org.au
-1,Felix,Rubio,felix.rubio@ebert.de
-1,Melanie,Leveque,melanie.leveque@fleury.net
-1,Abbie,Galeati,abbie.galeati@ubaldi.it
-1,Vittorio,Caccioppoli,vittorio.caccioppoli@yahoo.com
-1,Biagio,Valenzuela,biagio.valenzuela@robinson.info
-1,Dario,Green,dario.green@live.com
-1,Alwina,Textor,alwina.textor@poste.it
-1,Diether,Baeza,diether.baeza@grupo.biz
-1,Sole,Trevino,sole.trevino@hotmail.com
-1,Darren,Bernardi,darren.bernardi@brooks-martin.com
-1,Martina,Heser,martina.heser@morellato.it
-1,Bethan,Giacometti,bethan.giacometti@gmail.com
-1,Ethan,Duhamel,ethan.duhamel@sfr.fr
-1,Corrado,Warren,corrado.warren@hotmail.com.au
-1,Damian,Pulido,damian.pulido@yahoo.de
-1,Dino,Osborne,dino.osborne@despacho.com
-1,Nicolaus,Bernetti,nicolaus.bernetti@aol.de
-1,Gianna,Carroll,gianna.carroll@perez.com
-1,Grit,Knight,grit.knight@web.de
-1,Erin,Weinhold,erin.weinhold@hotmail.fr
-1,Craig,Jordan,craig.jordan@gmail.com
-1,Homero,Respighi,homero.respighi@gmail.com
-1,Fanny,Pertile,fanny.pertile@gmail.com
-1,Fridolin,Comboni,fridolin.comboni@graf.com
-1,Hugh,Cantu,hugh.cantu@libero.it
-1,Alphons,Simmons,alphons.simmons@hotmail.com
-1,Ludovico,Cafarchia,ludovico.cafarchia@gmail.com
-1,Nico,Kaiser,nico.kaiser@almonte.com
-1,Kirsty,Lamy,kirsty.lamy@alonzi.it
-1,Joshua,Scheibe,joshua.scheibe@turci.org
-1,Carin,Pineau,carin.pineau@yahoo.com
-1,Ellie,Galarza,ellie.galarza@pareto-cattaneo.net
-1,Marion,Lira,marion.lira@ifrance.com
-1,Aurelia,Angiolello,aurelia.angiolello@lord.com
-1,Maura,Ravaglioli,maura.ravaglioli@yahoo.com
-1,Brunhilde,Fletcher,brunhilde.fletcher@schomber.de
-1,Ottfried,Marques,ottfried.marques@tyler-watson.info
-1,Christelle,Blasi,christelle.blasi@morris-chan.com
-1,Augusto,Vercelloni,augusto.vercelloni@club-internet.fr
-1,Michela,Pruvost,michela.pruvost@holt.co.uk
-1,Guarino,Escalante,guarino.escalante@hotmail.com
-1,Gabriela,Padilla,gabriela.padilla@pearson-russell.com
-1,Agathe,Dias,agathe.dias@jackson.com
-1,Werner,Kallert,werner.kallert@gmail.com
-1,Lore,Delaunay,lore.delaunay@yahoo.com
-1,Enzio,Campos,enzio.campos@tim.it
-1,Walther,Duarte,walther.duarte@web.de
-1,Adelgunde,Trevisan,adelgunde.trevisan@gmail.com
-1,Thierry,Schwartz,thierry.schwartz@travaglio.net
-1,Katie,Andersen,katie.andersen@haney.com.au
-1,Kathy,Zamorani,kathy.zamorani@hotmail.com
-1,Giuseppina,Tanguy,giuseppina.tanguy@wanadoo.fr
-1,Jack,Klapp,jack.klapp@hotmail.com.au
-1,Tom,Leconte,tom.leconte@woods-johnson.com
-1,Bonnie,Cignaroli,bonnie.cignaroli@yahoo.com
-1,Danny,Farrell,danny.farrell@hotmail.com
-1,Fiorenzo,Bauer,fiorenzo.bauer@gmail.com
-1,Randy,Alfieri,randy.alfieri@verri.org
-1,Tim,Bradley,tim.bradley@schlosser.de
-1,Yves,Mendez,yves.mendez@gmail.com
-1,Raffaella,Esquivel,raffaella.esquivel@gmail.com
-1,Lawrence,Vasari,lawrence.vasari@castillo.edu
-1,Sam,Adams,sam.adams@yahoo.com
-1,Mirco,Nicolini,mirco.nicolini@blin.net
-1,Graham,Bajardi,graham.bajardi@yahoo.com
-1,Luc,Quinn,luc.quinn@walker.com
-1,Stella,Ullrich,stella.ullrich@hotmail.com.au
-1,Calcedonio,Remy,calcedonio.remy@edwards-benton.com
-1,Nanni,Almaraz,nanni.almaraz@martin.com
-1,Pascual,Corradi,pascual.corradi@lopez.net.au
-1,Kristi,Grant,kristi.grant@yahoo.co.uk
-1,Manuel,Gracia,manuel.gracia@trussardi.eu
-1,Gionata,Hussain,gionata.hussain@yahoo.com
-1,Maria,Nguyen,maria.nguyen@hernadez.com
-1,Leon,Baker,leon.baker@hotmail.com
-1,Gianmarco,Alcaraz,gianmarco.alcaraz@zacchia.net
-1,Derrick,Little,derrick.little@small.org
-1,Terry,Ramirez,terry.ramirez@hotmail.co.uk
-1,Katarina,Clarke,katarina.clarke@hotmail.com.au
-1,Leila,Washington,leila.washington@gmail.com
-1,Mirko,Townsend,mirko.townsend@schmitt.com
-1,Randall,Connolly,randall.connolly@jovinelli-castelli.com
-1,Pia,Burgess,pia.burgess@proyectos.org
-1,Justine,Mancini,justine.mancini@tiscali.it
-1,Reynaldo,Wagenknecht,reynaldo.wagenknecht@faure.com
-1,Toni,Magrassi,toni.magrassi@gmail.com
-1,Patrizio,Cisneros,patrizio.cisneros@martinez.edu.au
-1,Durante,Lindner,durante.lindner@picard.fr
-1,Rosl,Lamborghini,rosl.lamborghini@hiller.net
-1,Ugo,Harrison,ugo.harrison@morley-chapman.co.uk
-1,Isidor,Carpenter,isidor.carpenter@chauvin.com
-1,Marie,Zoppetto,marie.zoppetto@kallert.de
-1,Branko,Chambers,branko.chambers@ifrance.com
-1,Alan,Pineda,alan.pineda@proyectos.info
-1,Carmen,Oestrovsky,carmen.oestrovsky@gmail.com
-1,Shane,Fernandez,shane.fernandez@hotmail.de
-1,Debbie,Guilbert,debbie.guilbert@berg.edu
-1,Vito,Dossi,vito.dossi@hotmail.co.uk
-1,Evan,Schacht,evan.schacht@price.com
-1,Mandy,Weston,mandy.weston@free.fr
-1,Paulo,Zito,paulo.zito@nelson.biz
-1,Alberto,Girschner,alberto.girschner@laboratorios.com
-1,Giacomo,Bouvet,giacomo.bouvet@gmail.com
-1,Ehrentraud,Puga,ehrentraud.puga@laboratorios.com
-1,Cristian,Hale,cristian.hale@hotmail.co.uk
-1,Lilija,Charles,lilija.charles@gmail.com
-1,Albert,Legendre,albert.legendre@lee.com
-1,Marisa,Renaud,marisa.renaud@smith.org
-1,Sharon,Diallo,sharon.diallo@gmail.com
-1,Eduardo,Delattre,eduardo.delattre@lynch.net.au
-1,Bernadette,Wang,bernadette.wang@gmail.com
-1,Dina,Gibbons,dina.gibbons@brewer.net
-1,Clara,Armstrong,clara.armstrong@vodafone.it
-1,Elliott,Herrmann,elliott.herrmann@hotmail.com.au
-1,Graziella,Vidal,graziella.vidal@hotmail.com
-1,Francisca,Becerra,francisca.becerra@young.com.au
-1,Edeltrud,Boyer,edeltrud.boyer@outlook.com
-1,Julian,Noble,julian.noble@hill.org.au
-1,Christophe,Bohnbach,christophe.bohnbach@ifrance.com
-1,Ippazio,Angulo,ippazio.angulo@yahoo.com
-1,Grace,Kroker,grace.kroker@hotmail.com
-1,Jared,Ferguson,jared.ferguson@roberts.com
-1,Virginie,McLean,virginie.mclean@yahoo.com
-1,Mason,Potter,mason.potter@gmail.com
-1,Aaron,Anaya,aaron.anaya@hotmail.com.au
-1,Leah,Ornelas,leah.ornelas@gmail.com
-1,Harald,Roy,harald.roy@web.de
-1,Micaela,Martel,micaela.martel@hotmail.com
-1,Vincentio,Sanders,vincentio.sanders@voila.fr
-1,Bettina,Norbiato,bettina.norbiato@allen-lutz.org
-1,Julio,Renner,julio.renner@industrias.net
-1,Jelena,Stiffel,jelena.stiffel@trupp.de
-1,Guadalupe,Munoz,guadalupe.munoz@murray-hamilton.com.au
-1,Whitney,Noack,whitney.noack@laboratorios.org
-1,Gelsomina,Migliaccio,gelsomina.migliaccio@junk.com
-1,Evangelista,Pereira,evangelista.pereira@thompson-peterson.biz
-1,Gareth,Comolli,gareth.comolli@tiscali.fr
-1,Michelangelo,Hess,michelangelo.hess@bouygtel.fr
